{
    "$schema": "file:///C:/Users/stfujnkk/Desktop/work_space/python/J2Generator/schema.json",
    "pathMappings": [
        {
            "name": "db_config_path",
            "path": "test/build/db",
            "defines": {},
            "generators": []
        },
        {
            "name": "entity_path",
            "path": "test/build/entity"
        },
        {
            "name": "jsp_path",
            "path": "test/build/jsp"
        },
        {
            "name": "service_path",
            "path": "test/build/service"
        }
    ],
    "defines": {
        "dao_package_path":"com.fingard.ats.core.db",
        "project_name": "StudentMgr",
        "entities": [
            "Student",
            "Class"
        ],
        "tables": [
            "t_learn_student",
            "t_learn_class"
        ]
    },
    "import": []
}